{
  "accuracy": [
    0.695652186870575,
    0.8086956739425659,
    0.886956512928009,
    0.843478262424469,
    0.843478262424469,
    0.904347836971283,
    0.8608695864677429,
    0.904347836971283,
    0.9217391014099121,
    0.9304347634315491
  ],
  "loss": [
    0.8648128509521484,
    0.421247273683548,
    0.3473987281322479,
    0.5003394484519958,
    0.43263155221939087,
    0.26003381609916687,
    0.47711947560310364,
    0.288642942905426,
    0.14613771438598633,
    0.2243541032075882
  ]
}