{
  "accuracy": [
    0.1568627506494522,
    0.3333333432674408,
    0.4117647111415863,
    0.47058823704719543,
    0.5882353186607361,
    0.6078431606292725,
    0.5882353186607361,
    0.5882353186607361,
    0.6274510025978088,
    0.6078431606292725
  ],
  "loss": [
    2.797649621963501,
    2.005131721496582,
    1.7419261932373047,
    1.2800382375717163,
    1.1791574954986572,
    1.093640685081482,
    1.4295259714126587,
    1.117912769317627,
    1.0471824407577515,
    1.0482120513916016
  ]
}