{
  "accuracy": [
    0.05000000074505806
  ],
  "loss": [
    6.236588001251221
  ]
}