{
  "accuracy": [
    0.17391304671764374
  ],
  "loss": [
    9.070152282714844
  ]
}